c,inverse,worst_Dmin_across_bytes,stage1_error_budget,samples_per_byte,chosen_plaintext_pairs,chosen_plaintext_queries,worst_j,selected_i,coef
0x4f,0xaa,0.0009804812801911173,0.005,13884,222144,236028,12,10,0xc6
0xaa,0x4f,0.0009804812801911173,0.005,13884,222144,236028,12,10,0xc6
0x62,0xea,0.000965510032378501,0.005,14099,225584,239683,7,10,0xc9
0xea,0x62,0.000965510032378501,0.005,14099,225584,239683,7,10,0xc9
0x04,0x91,0.0009642779371385676,0.005,14117,225872,239989,5,5,0xbc
0x91,0x04,0.0009642779371385676,0.005,14117,225872,239989,5,5,0xbc
0x19,0xd0,0.0009630881394332373,0.005,14134,226144,240278,7,8,0x49
0xd0,0x19,0.0009630881394332373,0.005,14134,226144,240278,7,8,0x49
0x8c,0x96,0.0009613752634006548,0.005,14160,226560,240720,1,13,0x99
0x96,0x8c,0.0009613752634006548,0.005,14160,226560,240720,1,13,0x99
0x17,0x31,0.0009611547147109686,0.005,14163,226608,240771,9,6,0xeb
0x31,0x17,0.0009611547147109686,0.005,14163,226608,240771,9,6,0xeb
0x22,0xb0,0.0009609541145790685,0.005,14166,226656,240822,12,14,0x44
0xb0,0x22,0.0009609541145790685,0.005,14166,226656,240822,12,14,0x44
0x10,0xb5,0.0009581648550402886,0.005,14207,227312,241519,11,11,0x91
0xb5,0x10,0.0009581648550402886,0.005,14207,227312,241519,11,11,0x91
0x05,0x6a,0.000956752762162399,0.005,14228,227648,241876,2,4,0x6b
0x6a,0x05,0.000956752762162399,0.005,14228,227648,241876,2,4,0x6b
0x4b,0xdb,0.0009564215315789072,0.005,14233,227728,241961,4,10,0x1a
0xdb,0x4b,0.0009564215315789072,0.005,14233,227728,241961,4,10,0x1a
0x5b,0xa5,0.000954085092624856,0.005,14268,228288,242556,6,11,0xbf
0xa5,0x5b,0.000954085092624856,0.005,14268,228288,242556,6,11,0xbf
0x66,0xd1,0.0009535527687745143,0.005,14276,228416,242692,10,6,0x99
0xd1,0x66,0.0009535527687745143,0.005,14276,228416,242692,10,6,0x99
0x7d,0xee,0.0009515430585013074,0.005,14306,228896,243202,2,9,0xb8
0xee,0x7d,0.0009515430585013074,0.005,14306,228896,243202,2,9,0xb8
0x97,0xc6,0.0009514793275036494,0.005,14307,228912,243219,5,6,0x2d
0xc6,0x97,0.0009514793275036494,0.005,14307,228912,243219,5,6,0x2d
0x46,0xef,0.0009510570106182815,0.005,14313,229008,243321,6,15,0x01
0xef,0x46,0.0009510570106182815,0.005,14313,229008,243321,6,15,0x01
0x24,0x6f,0.0009497286338269516,0.005,14333,229328,243661,14,1,0xd0
0x6f,0x24,0.0009497286338269516,0.005,14333,229328,243661,14,1,0xd0
0xeb,0xec,0.0009496717669443823,0.005,14334,229344,243678,5,3,0x11
0xec,0xeb,0.0009496717669443823,0.005,14334,229344,243678,5,3,0x11
0x1c,0xb1,0.0009487820914836478,0.005,14347,229552,243899,7,2,0x2b
0xb1,0x1c,0.0009487820914836478,0.005,14347,229552,243899,7,2,0x2b
0x0b,0x65,0.0009469606900452639,0.005,14375,230000,244375,10,0,0xf6
0x65,0x0b,0.0009469606900452639,0.005,14375,230000,244375,10,0,0xf6
0x74,0x78,0.0009462966214476218,0.005,14385,230160,244545,1,6,0xd5
0x78,0x74,0.0009462966214476218,0.005,14385,230160,244545,1,6,0xd5
0x0e,0xa1,0.000946214899023782,0.005,14386,230176,244562,13,5,0x02
0xa1,0x0e,0.000946214899023782,0.005,14386,230176,244562,13,5,0x02
0x2a,0x3b,0.0009460822162909582,0.005,14388,230208,244596,2,4,0x6b
0x3b,0x2a,0.0009460822162909582,0.005,14388,230208,244596,2,4,0x6b
0x4c,0xe6,0.0009455137502733204,0.005,14397,230352,244749,0,1,0x6e
0xe6,0x4c,0.0009455137502733204,0.005,14397,230352,244749,0,1,0x6e
0x07,0x81,0.000945463422879201,0.005,14398,230368,244766,14,13,0x64
0x81,0x07,0.000945463422879201,0.005,14398,230368,244766,14,13,0x64
0xba,0xf5,0.000945291164333204,0.005,14400,230400,244800,10,9,0x0f
0xf5,0xba,0.000945291164333204,0.005,14400,230400,244800,10,9,0x0f
0x13,0x1e,0.0009450137399407402,0.005,14405,230480,244885,9,8,0x6c
0x1e,0x13,0.0009450137399407402,0.005,14405,230480,244885,9,8,0x6c
0x38,0xb9,0.0009443297468934494,0.005,14415,230640,245055,8,11,0xef
0xb9,0x38,0.0009443297468934494,0.005,14415,230640,245055,8,11,0xef
0x2e,0xf9,0.0009438984464700758,0.005,14422,230752,245174,10,9,0x0f
0xf9,0x2e,0.0009438984464700758,0.005,14422,230752,245174,10,9,0x0f
0x75,0xc4,0.0009431634200175349,0.005,14433,230928,245361,6,4,0x02
0xc4,0x75,0.0009431634200175349,0.005,14433,230928,245361,6,4,0x02
0xb3,0xb6,0.0009425666587752137,0.005,14442,231072,245514,7,1,0x9c
0xb6,0xb3,0.0009425666587752137,0.005,14442,231072,245514,7,1,0x9c
0x30,0xd2,0.0009425373414475783,0.005,14443,231088,245531,14,13,0x64
0xd2,0x30,0.0009425373414475783,0.005,14443,231088,245531,14,13,0x64
0x51,0xab,0.0009424285663306325,0.005,14444,231104,245548,0,2,0xa2
0xab,0x51,0.0009424285663306325,0.005,14444,231104,245548,0,2,0xa2
0x4e,0x50,0.000942321214759453,0.005,14446,231136,245582,12,13,0xdf
0x50,0x4e,0.000942321214759453,0.005,14446,231136,245582,12,13,0xdf
0x95,0xc9,0.0009421850629763426,0.005,14448,231168,245616,0,8,0xb8
0xc9,0x95,0.0009421850629763426,0.005,14448,231168,245616,0,8,0xb8
0x54,0xfc,0.0009419714786895084,0.005,14451,231216,245667,15,5,0x48
0xfc,0x54,0.0009419714786895084,0.005,14451,231216,245667,15,5,0x48
0x44,0x58,0.000941598248038684,0.005,14457,231312,245769,8,4,0x8d
0x58,0x44,0.000941598248038684,0.005,14457,231312,245769,8,4,0x8d
0x06,0x5f,0.0009412728727309982,0.005,14462,231392,245854,11,1,0x2d
0x5f,0x06,0.0009412728727309982,0.005,14462,231392,245854,11,1,0x2d
0x42,0x7a,0.0009411154397281342,0.005,14464,231424,245888,6,15,0x01
0x7a,0x42,0.0009411154397281342,0.005,14464,231424,245888,6,15,0x01
0x3d,0x84,0.0009410559494623329,0.005,14465,231440,245905,7,6,0xe7
0x52,0xcf,0.0009411037729508154,0.005,14465,231440,245905,11,0,0xa9
0x84,0x3d,0.0009410559494623329,0.005,14465,231440,245905,7,6,0xe7
0x9b,0xb7,0.0009410449389835332,0.005,14465,231440,245905,14,14,0xa5
0xb7,0x9b,0.0009410449389835332,0.005,14465,231440,245905,14,14,0xa5
0xcf,0x52,0.0009411037729508154,0.005,14465,231440,245905,11,0,0xa9
0xc2,0xf8,0.0009406283127005052,0.005,14472,231552,246024,8,9,0x08
0xf8,0xc2,0.0009406283127005052,0.005,14472,231552,246024,8,9,0x08
0x0f,0x26,0.0009404631247893037,0.005,14474,231584,246058,3,11,0x30
0x26,0x0f,0.0009404631247893037,0.005,14474,231584,246058,3,11,0x30
0xa6,0xe7,0.0009403187457498814,0.005,14477,231632,246109,5,5,0xbc
0xe7,0xa6,0.0009403187457498814,0.005,14477,231632,246109,5,5,0xbc
0x34,0x64,0.0009400813120359866,0.005,14480,231680,246160,4,3,0x1c
0x64,0x34,0.0009400813120359866,0.005,14480,231680,246160,4,3,0x1c
0x1d,0x23,0.0009399217972698055,0.005,14483,231728,246211,8,0,0x0a
0x23,0x1d,0.0009399217972698055,0.005,14483,231728,246211,8,0,0x0a
0xaf,0xb8,0.0009394273705445454,0.005,14490,231840,246330,0,12,0x10
0xb8,0xaf,0.0009394273705445454,0.005,14490,231840,246330,0,12,0x10
0xcb,0xff,0.0009388944999565589,0.005,14499,231984,246483,11,6,0x78
0xff,0xcb,0.0009388944999565589,0.005,14499,231984,246483,11,6,0x78
0x6b,0x90,0.0009387215798240284,0.005,14501,232016,246517,15,14,0x94
0x90,0x6b,0.0009387215798240284,0.005,14501,232016,246517,15,14,0x94
0x29,0x5d,0.0009382012601121515,0.005,14509,232144,246653,3,14,0x96
0x5d,0x29,0.0009382012601121515,0.005,14509,232144,246653,3,14,0x96
0x83,0xf2,0.0009381785835020058,0.005,14510,232160,246670,0,14,0x84
0xf2,0x83,0.0009381785835020058,0.005,14510,232160,246670,0,14,0x84
0x0a,0x35,0.0009379385889103776,0.005,14513,232208,246721,1,8,0x49
0x35,0x0a,0.0009379385889103776,0.005,14513,232208,246721,1,8,0x49
0x25,0x6c,0.0009376680268848105,0.005,14518,232288,246806,5,8,0x8d
0x6c,0x25,0.0009376680268848105,0.005,14518,232288,246806,5,8,0x8d
0xd7,0xdc,0.0009372351049877387,0.005,14524,232384,246908,14,6,0x16
0xdc,0xd7,0.0009372351049877387,0.005,14524,232384,246908,14,6,0x16
0x55,0x9e,0.0009369882056324551,0.005,14528,232448,246976,14,14,0xa5
0x9e,0x55,0.0009369882056324551,0.005,14528,232448,246976,14,14,0xa5
0x33,0x61,0.0009365841040468543,0.005,14534,232544,247078,0,15,0x94
0x61,0x33,0.0009365841040468543,0.005,14534,232544,247078,0,15,0x94
0x37,0xda,0.000936548107672594,0.005,14535,232560,247095,1,5,0x76
0xda,0x37,0.000936548107672594,0.005,14535,232560,247095,1,5,0x76
0x36,0x4a,0.0009362133281615947,0.005,14540,232640,247180,2,10,0xbe
0x4a,0x36,0.0009362133281615947,0.005,14540,232640,247180,2,10,0xbe
0xd4,0xe3,0.0009357866530624321,0.005,14547,232752,247299,6,8,0xab
0xe3,0xd4,0.0009357866530624321,0.005,14547,232752,247299,6,8,0xab
0x12,0xde,0.000935652704692542,0.005,14549,232784,247333,11,15,0x10
0x28,0x9c,0.0009356221528412175,0.005,14549,232784,247333,13,7,0x2a
0x9c,0x28,0.0009356221528412175,0.005,14549,232784,247333,13,7,0x2a
0xde,0x12,0.000935652704692542,0.005,14549,232784,247333,11,15,0x10
0x0c,0xce,0.0009355131653195001,0.005,14551,232816,247367,11,3,0x49
0xce,0x0c,0.0009355131653195001,0.005,14551,232816,247367,11,3,0x49
0x08,0xa9,0.0009353435101690965,0.005,14554,232864,247418,9,14,0xb4
0xa9,0x08,0.0009353435101690965,0.005,14554,232864,247418,9,14,0xb4
0x4d,0xa7,0.0009352293792284989,0.005,14555,232880,247435,0,2,0xa2
0xa7,0x4d,0.0009352293792284989,0.005,14555,232880,247435,0,2,0xa2
0xe5,0xfe,0.0009352583943098027,0.005,14555,232880,247435,3,12,0xd9
0xfe,0xe5,0.0009352583943098027,0.005,14555,232880,247435,3,12,0xd9
0x18,0x67,0.0009344531833716582,0.005,14567,233072,247639,2,2,0x87
0x67,0x18,0.0009344531833716582,0.005,14567,233072,247639,2,2,0x87
0x63,0xed,0.0009342733038706843,0.005,14570,233120,247690,5,9,0x12
0xed,0x63,0.0009342733038706843,0.005,14570,233120,247690,5,9,0x12
0x0d,0x53,0.000934035749232839,0.005,14574,233184,247758,0,9,0x5d
0x1f,0xdf,0.0009340176845681378,0.005,14574,233184,247758,13,7,0x2a
0x53,0x0d,0.000934035749232839,0.005,14574,233184,247758,0,9,0x5d
0xdf,0x1f,0.0009340176845681378,0.005,14574,233184,247758,13,7,0x2a
0x73,0x98,0.00093295907173195,0.005,14591,233456,248047,3,6,0x17
0x98,0x73,0.00093295907173195,0.005,14591,233456,248047,3,6,0x17
0x1b,0x94,0.000932604592479431,0.005,14596,233536,248132,2,15,0x85
0x86,0xa4,0.000932646479114049,0.005,14596,233536,248132,1,0,0x98
0x94,0x1b,0.000932604592479431,0.005,14596,233536,248132,2,15,0x85
0xa4,0x86,0.000932646479114049,0.005,14596,233536,248132,1,0,0x98
0x43,0x8b,0.0009322749446501512,0.005,14602,233632,248234,12,0,0xea
0x8b,0x43,0.0009322749446501512,0.005,14602,233632,248234,12,0,0xea
0xca,0xe4,0.0009321294451090534,0.005,14604,233664,248268,8,15,0x01
0xe4,0xca,0.0009321294451090534,0.005,14604,233664,248268,8,15,0x01
0x2b,0xf1,0.0009316888129830139,0.005,14611,233776,248387,0,10,0x27
0xf1,0x2b,0.0009316888129830139,0.005,14611,233776,248387,0,10,0x27
0x3e,0x8e,0.0009316260676237416,0.005,14612,233792,248404,1,10,0x9f
0x8e,0x3e,0.0009316260676237416,0.005,14612,233792,248404,1,10,0x9f
0x5c,0x9d,0.0009313898384393481,0.005,14615,233840,248455,3,4,0xca
0x9d,0x5c,0.0009313898384393481,0.005,14615,233840,248455,3,4,0xca
0x27,0xa0,0.0009309283283489782,0.005,14623,233968,248591,4,11,0xe9
0xa0,0x27,0.0009309283283489782,0.005,14623,233968,248591,4,11,0xe9
0x85,0xe9,0.000930787216770173,0.005,14625,234000,248625,0,2,0xa2
0xe9,0x85,0.000930787216770173,0.005,14625,234000,248625,0,2,0xa2
0x5a,0x87,0.0009306879848607367,0.005,14626,234016,248642,2,13,0x75
0x87,0x5a,0.0009306879848607367,0.005,14626,234016,248642,2,13,0x75
0x5e,0x80,0.0009299968606254995,0.005,14637,234192,248829,5,12,0x94
0x80,0x5e,0.0009299968606254995,0.005,14637,234192,248829,5,12,0x94
0x47,0x7c,0.0009298774890287611,0.005,14639,234224,248863,12,13,0xdf
0x7c,0x47,0.0009298774890287611,0.005,14639,234224,248863,12,13,0xdf
0x8f,0x92,0.0009297604548788303,0.005,14641,234256,248897,2,2,0x87
0x92,0x8f,0.0009297604548788303,0.005,14641,234256,248897,2,2,0x87
0xa2,0xb4,0.0009294948441290962,0.005,14645,234320,248965,1,4,0xf2
0xb4,0xa2,0.0009294948441290962,0.005,14645,234320,248965,1,4,0xf2
0x79,0xc5,0.0009291249198545345,0.005,14651,234416,249067,9,12,0xff
0xc5,0x79,0.0009291249198545345,0.005,14651,234416,249067,9,12,0xff
0x77,0xfa,0.0009287338624676974,0.005,14657,234512,249169,4,11,0xe9
0xfa,0x77,0.0009287338624676974,0.005,14657,234512,249169,4,11,0xe9
0x89,0xcc,0.0009286292872325638,0.005,14659,234544,249203,13,14,0x3c
0xcc,0x89,0.0009286292872325638,0.005,14659,234544,249203,13,14,0x3c
0x6d,0x6e,0.0009282007116357195,0.005,14666,234656,249322,14,15,0x94
0x6e,0x6d,0.0009282007116357195,0.005,14666,234656,249322,14,15,0x94
0x21,0xf4,0.0009280676712557945,0.005,14668,234688,249356,12,1,0x86
0xf4,0x21,0.0009280676712557945,0.005,14668,234688,249356,12,1,0x86
0x57,0x72,0.0009279692721269762,0.005,14669,234704,249373,2,5,0xec
0x72,0x57,0.0009279692721269762,0.005,14669,234704,249373,2,5,0xec
0x15,0x76,0.0009274836364717176,0.005,14677,234832,249509,2,5,0xec
0x76,0x15,0.0009274836364717176,0.005,14677,234832,249509,2,5,0xec
0x7b,0x8a,0.0009274854386958507,0.005,14677,234832,249509,11,15,0x10
0x8a,0x7b,0.0009274854386958507,0.005,14677,234832,249509,11,15,0x10
0xd8,0xf3,0.0009270823694073069,0.005,14683,234928,249611,4,3,0x1c
0xf3,0xd8,0.0009270823694073069,0.005,14683,234928,249611,4,3,0x1c
0xc1,0xe2,0.0009269800843543425,0.005,14685,234960,249645,8,8,0x09
0xe2,0xc1,0.0009269800843543425,0.005,14685,234960,249645,8,8,0x09
0x45,0xf6,0.0009266332417118957,0.005,14690,235040,249730,10,11,0xec
0xf6,0x45,0.0009266332417118957,0.005,14690,235040,249730,10,11,0xec
0x7e,0xa8,0.0009264271132493263,0.005,14694,235104,249798,11,5,0x58
0xa8,0x7e,0.0009264271132493263,0.005,14694,235104,249798,11,5,0x58
0x2c,0x88,0.0009263348760077902,0.005,14695,235120,249815,4,3,0x1c
0x88,0x2c,0.0009263348760077902,0.005,14695,235120,249815,4,3,0x1c
0x49,0xdd,0.0009262817214238423,0.005,14696,235136,249832,5,6,0x2d
0xdd,0x49,0.0009262817214238423,0.005,14696,235136,249832,5,6,0x2d
0x1a,0xc8,0.0009260156965405165,0.005,14700,235200,249900,13,7,0x2a
0xc8,0x1a,0.0009260156965405165,0.005,14700,235200,249900,13,7,0x2a
0xac,0xad,0.0009257132218473469,0.005,14705,235280,249985,13,9,0xc8
0xad,0xac,0.0009257132218473469,0.005,14705,235280,249985,13,9,0xc8
0x32,0x68,0.0009254304676876896,0.005,14710,235360,250070,10,14,0x8d
0x68,0x32,0.0009254304676876896,0.005,14710,235360,250070,10,14,0x8d
0x11,0xa3,0.0009252765584418826,0.005,14712,235392,250104,1,6,0xd5
0x8d,0xc7,0.0009252769271515522,0.005,14712,235392,250104,2,4,0x6b
0xa3,0x11,0.0009252765584418826,0.005,14712,235392,250104,1,6,0xd5
0xc7,0x8d,0.0009252769271515522,0.005,14712,235392,250104,2,4,0x6b
0x14,0xfb,0.00092476773165443,0.005,14720,235520,250240,11,6,0x78
0xfb,0x14,0.00092476773165443,0.005,14720,235520,250240,11,6,0x78
0x41,0x71,0.0009246846965858918,0.005,14721,235536,250257,6,8,0xab
0x71,0x41,0.0009246846965858918,0.005,14721,235536,250257,6,8,0xab
0x39,0xae,0.0009245188364123911,0.005,14724,235584,250308,5,5,0xbc
0xae,0x39,0.0009245188364123911,0.005,14724,235584,250308,5,5,0xbc
0x16,0xd3,0.0009243629545548856,0.005,14727,235632,250359,11,6,0x78
0xd3,0x16,0.0009243629545548856,0.005,14727,235632,250359,11,6,0x78
0x9f,0xfd,0.0009238800300504643,0.005,14734,235744,250478,8,13,0x30
0xfd,0x9f,0.0009238800300504643,0.005,14734,235744,250478,8,13,0x30
0x2d,0xcd,0.0009230993190998683,0.005,14747,235952,250699,12,11,0x7f
0xcd,0x2d,0.0009230993190998683,0.005,14747,235952,250699,12,11,0x7f
0x9a,0xb2,0.0009210701220665773,0.005,14779,236464,251243,0,6,0x48
0xb2,0x9a,0.0009210701220665773,0.005,14779,236464,251243,0,6,0x48
0x2f,0xc3,0.0009191916920029601,0.005,14809,236944,251753,9,14,0xb4
0xc3,0x2f,0.0009191916920029601,0.005,14809,236944,251753,9,14,0xb4
0x20,0xbb,0.0009185646587086442,0.005,14819,237104,251923,11,2,0x6b
0xbb,0x20,0.0009185646587086442,0.005,14819,237104,251923,11,2,0x6b
0x3a,0xf0,0.0009164839562950404,0.005,14853,237648,252501,8,8,0x09
0xf0,0x3a,0.0009164839562950404,0.005,14853,237648,252501,8,8,0x09
0x56,0x99,0.0009164538625404776,0.005,14854,237664,252518,14,5,0xc3
0x82,0xd9,0.0009164486703326726,0.005,14854,237664,252518,2,9,0xb8
0x99,0x56,0.0009164538625404776,0.005,14854,237664,252518,14,5,0xc3
0xd9,0x82,0.0009164486703326726,0.005,14854,237664,252518,2,9,0xb8
0x3f,0x93,0.0009160683914160588,0.005,14860,237760,252620,8,5,0xa3
0x93,0x3f,0.0009160683914160588,0.005,14860,237760,252620,8,5,0xa3
0x09,0x7f,0.0009147229571289289,0.005,14882,238112,252994,3,3,0x0c
0x7f,0x09,0.0009147229571289289,0.005,14882,238112,252994,3,3,0x0c
0xc0,0xd5,0.0009129755557170867,0.005,14910,238560,253470,11,1,0x2d
0xd5,0xc0,0.0009129755557170867,0.005,14910,238560,253470,11,1,0x2d
0x70,0xbd,0.0009114910681556045,0.005,14934,238944,253878,9,3,0xd7
0xbd,0x70,0.0009114910681556045,0.005,14934,238944,253878,9,3,0xd7
0x3c,0xe8,0.0009109191988340333,0.005,14944,239104,254048,11,15,0x10
0xe8,0x3c,0.0009109191988340333,0.005,14944,239104,254048,11,15,0x10
0x40,0xbc,0.0009105671938875702,0.005,14950,239200,254150,1,6,0xd5
0xbc,0x40,0.0009105671938875702,0.005,14950,239200,254150,1,6,0xd5
0x60,0x69,0.0009043713953606217,0.005,15052,240832,255884,10,9,0x0f
0x69,0x60,0.0009043713953606217,0.005,15052,240832,255884,10,9,0x0f
0xbf,0xe0,0.0009026328169302448,0.005,15081,241296,256377,11,5,0x58
0xe0,0xbf,0.0009026328169302448,0.005,15081,241296,256377,11,5,0x58
0x48,0xd6,0.0008981722630239515,0.005,15156,242496,257652,14,0,0x4d
0xd6,0x48,0.0008981722630239515,0.005,15156,242496,257652,14,0,0x4d
0x59,0xf7,0.000889906511197725,0.005,15297,244752,260049,10,6,0x99
0xf7,0x59,0.000889906511197725,0.005,15297,244752,260049,10,6,0x99
0x03,0xbe,0.0008877345476826097,0.005,15334,245344,260678,12,3,0x07
0xbe,0x03,0.0008877345476826097,0.005,15334,245344,260678,12,3,0x07
0x02,0xe1,0.0008609091099953834,0.005,15812,252992,268804,6,14,0x6f
0xe1,0x02,0.0008609091099953834,0.005,15812,252992,268804,6,14,0x6f
