effective_row_a,whitening_key_byte,q_numerator,q_probability,ratio_to_1_over_256
0x00,0x00,794,0.012115478515625,3.1015625
0x01,0xbe,234,0.003570556640625,0.9140625
0x02,0xbf,264,0.0040283203125,1.03125
0x03,0x01,212,0.00323486328125,0.828125
0x04,0xbd,288,0.00439453125,1.125
0x05,0x03,258,0.003936767578125,1.0078125
0x06,0x02,200,0.0030517578125,0.78125
0x07,0xbc,222,0.003387451171875,0.8671875
0x08,0xb9,230,0.003509521484375,0.8984375
0x09,0x07,290,0.004425048828125,1.1328125
0x0a,0x06,266,0.004058837890625,1.0390625
0x0b,0xb8,268,0.00408935546875,1.046875
0x0c,0x04,184,0.0028076171875,0.71875
0x0d,0xba,250,0.003814697265625,0.9765625
0x0e,0xbb,268,0.00408935546875,1.046875
0x0f,0x05,230,0.003509521484375,0.8984375
0x10,0xb1,246,0.003753662109375,0.9609375
0x11,0x0f,220,0.00335693359375,0.859375
0x12,0x0e,244,0.00372314453125,0.953125
0x13,0xb0,266,0.004058837890625,1.0390625
0x14,0x0c,270,0.004119873046875,1.0546875
0x15,0xb2,252,0.00384521484375,0.984375
0x16,0xb3,218,0.003326416015625,0.8515625
0x17,0x0d,260,0.00396728515625,1.015625
0x18,0x08,262,0.003997802734375,1.0234375
0x19,0xb6,254,0.003875732421875,0.9921875
0x1a,0xb7,254,0.003875732421875,0.9921875
0x1b,0x09,242,0.003692626953125,0.9453125
0x1c,0xb5,238,0.003631591796875,0.9296875
0x1d,0x0b,260,0.00396728515625,1.015625
0x1e,0x0a,262,0.003997802734375,1.0234375
0x1f,0xb4,264,0.0040283203125,1.03125
0x20,0xa1,200,0.0030517578125,0.78125
0x21,0x1f,248,0.0037841796875,0.96875
0x22,0x1e,280,0.0042724609375,1.09375
0x23,0xa0,250,0.003814697265625,0.9765625
0x24,0x1c,230,0.003509521484375,0.8984375
0x25,0xa2,250,0.003814697265625,0.9765625
0x26,0xa3,258,0.003936767578125,1.0078125
0x27,0x1d,280,0.0042724609375,1.09375
0x28,0x18,266,0.004058837890625,1.0390625
0x29,0xa6,246,0.003753662109375,0.9609375
0x2a,0xa7,268,0.00408935546875,1.046875
0x2b,0x19,218,0.003326416015625,0.8515625
0x2c,0xa5,252,0.00384521484375,0.984375
0x2d,0x1b,228,0.00347900390625,0.890625
0x2e,0x1a,202,0.003082275390625,0.7890625
0x2f,0xa4,294,0.004486083984375,1.1484375
0x30,0x10,264,0.0040283203125,1.03125
0x31,0xae,282,0.004302978515625,1.1015625
0x32,0xaf,216,0.0032958984375,0.84375
0x33,0x11,278,0.004241943359375,1.0859375
0x34,0xad,266,0.004058837890625,1.0390625
0x35,0x13,252,0.00384521484375,0.984375
0x36,0x12,280,0.0042724609375,1.09375
0x37,0xac,254,0.003875732421875,0.9921875
0x38,0xa9,216,0.0032958984375,0.84375
0x39,0x17,278,0.004241943359375,1.0859375
0x3a,0x16,242,0.003692626953125,0.9453125
0x3b,0xa8,250,0.003814697265625,0.9765625
0x3c,0x14,272,0.004150390625,1.0625
0x3d,0xaa,262,0.003997802734375,1.0234375
0x3e,0xab,260,0.00396728515625,1.015625
0x3f,0x15,236,0.00360107421875,0.921875
0x40,0x81,250,0.003814697265625,0.9765625
0x41,0x3f,274,0.004180908203125,1.0703125
0x42,0x3e,222,0.003387451171875,0.8671875
0x43,0x80,248,0.0037841796875,0.96875
0x44,0x3c,274,0.004180908203125,1.0703125
0x45,0x82,234,0.003570556640625,0.9140625
0x46,0x83,232,0.0035400390625,0.90625
0x47,0x3d,274,0.004180908203125,1.0703125
0x48,0x38,246,0.003753662109375,0.9609375
0x49,0x86,252,0.00384521484375,0.984375
0x4a,0x87,254,0.003875732421875,0.9921875
0x4b,0x39,270,0.004119873046875,1.0546875
0x4c,0x85,256,0.00390625,1.0
0x4d,0x3b,294,0.004486083984375,1.1484375
0x4e,0x3a,280,0.0042724609375,1.09375
0x4f,0x84,264,0.0040283203125,1.03125
0x50,0x30,284,0.00433349609375,1.109375
0x51,0x8e,272,0.004150390625,1.0625
0x52,0x8f,222,0.003387451171875,0.8671875
0x53,0x31,272,0.004150390625,1.0625
0x54,0x8d,294,0.004486083984375,1.1484375
0x55,0x33,274,0.004180908203125,1.0703125
0x56,0x32,284,0.00433349609375,1.109375
0x57,0x8c,258,0.003936767578125,1.0078125
0x58,0x89,206,0.003143310546875,0.8046875
0x59,0x37,250,0.003814697265625,0.9765625
0x5a,0x36,292,0.00445556640625,1.140625
0x5b,0x88,294,0.004486083984375,1.1484375
0x5c,0x34,220,0.00335693359375,0.859375
0x5d,0x8a,252,0.00384521484375,0.984375
0x5e,0x8b,298,0.004547119140625,1.1640625
0x5f,0x35,274,0.004180908203125,1.0703125
0x60,0x20,252,0.00384521484375,0.984375
0x61,0x9e,250,0.003814697265625,0.9765625
0x62,0x9f,256,0.00390625,1.0
0x63,0x21,240,0.003662109375,0.9375
0x64,0x9d,258,0.003936767578125,1.0078125
0x65,0x23,244,0.00372314453125,0.953125
0x66,0x22,232,0.0035400390625,0.90625
0x67,0x9c,260,0.00396728515625,1.015625
0x68,0x99,262,0.003997802734375,1.0234375
0x69,0x27,240,0.003662109375,0.9375
0x6a,0x26,296,0.0045166015625,1.15625
0x6b,0x98,258,0.003936767578125,1.0078125
0x6c,0x24,258,0.003936767578125,1.0078125
0x6d,0x9a,242,0.003692626953125,0.9453125
0x6e,0x9b,212,0.00323486328125,0.828125
0x6f,0x25,248,0.0037841796875,0.96875
0x70,0x91,236,0.00360107421875,0.921875
0x71,0x2f,248,0.0037841796875,0.96875
0x72,0x2e,254,0.003875732421875,0.9921875
0x73,0x90,282,0.004302978515625,1.1015625
0x74,0x2c,258,0.003936767578125,1.0078125
0x75,0x92,232,0.0035400390625,0.90625
0x76,0x93,258,0.003936767578125,1.0078125
0x77,0x2d,284,0.00433349609375,1.109375
0x78,0x28,266,0.004058837890625,1.0390625
0x79,0x96,242,0.003692626953125,0.9453125
0x7a,0x97,230,0.003509521484375,0.8984375
0x7b,0x29,246,0.003753662109375,0.9609375
0x7c,0x95,232,0.0035400390625,0.90625
0x7d,0x2b,264,0.0040283203125,1.03125
0x7e,0x2a,264,0.0040283203125,1.03125
0x7f,0x94,262,0.003997802734375,1.0234375
0x80,0xc1,252,0.00384521484375,0.984375
0x81,0x7f,254,0.003875732421875,0.9921875
0x82,0x7e,192,0.0029296875,0.75
0x83,0xc0,254,0.003875732421875,0.9921875
0x84,0x7c,254,0.003875732421875,0.9921875
0x85,0xc2,238,0.003631591796875,0.9296875
0x86,0xc3,264,0.0040283203125,1.03125
0x87,0x7d,274,0.004180908203125,1.0703125
0x88,0x78,258,0.003936767578125,1.0078125
0x89,0xc6,258,0.003936767578125,1.0078125
0x8a,0xc7,230,0.003509521484375,0.8984375
0x8b,0x79,294,0.004486083984375,1.1484375
0x8c,0xc5,266,0.004058837890625,1.0390625
0x8d,0x7b,260,0.00396728515625,1.015625
0x8e,0x7a,212,0.00323486328125,0.828125
0x8f,0xc4,244,0.00372314453125,0.953125
0x90,0x70,260,0.00396728515625,1.015625
0x91,0xce,252,0.00384521484375,0.984375
0x92,0xcf,298,0.004547119140625,1.1640625
0x93,0x71,282,0.004302978515625,1.1015625
0x94,0xcd,232,0.0035400390625,0.90625
0x95,0x73,236,0.00360107421875,0.921875
0x96,0x72,216,0.0032958984375,0.84375
0x97,0xcc,322,0.004913330078125,1.2578125
0x98,0xc9,232,0.0035400390625,0.90625
0x99,0x77,262,0.003997802734375,1.0234375
0x9a,0x76,244,0.00372314453125,0.953125
0x9b,0xc8,220,0.00335693359375,0.859375
0x9c,0x74,252,0.00384521484375,0.984375
0x9d,0xca,242,0.003692626953125,0.9453125
0x9e,0xcb,254,0.003875732421875,0.9921875
0x9f,0x75,212,0.00323486328125,0.828125
0xa0,0x60,280,0.0042724609375,1.09375
0xa1,0xde,288,0.00439453125,1.125
0xa2,0xdf,196,0.00299072265625,0.765625
0xa3,0x61,190,0.002899169921875,0.7421875
0xa4,0xdd,220,0.00335693359375,0.859375
0xa5,0x63,260,0.00396728515625,1.015625
0xa6,0x62,272,0.004150390625,1.0625
0xa7,0xdc,266,0.004058837890625,1.0390625
0xa8,0xd9,238,0.003631591796875,0.9296875
0xa9,0x67,250,0.003814697265625,0.9765625
0xaa,0x66,254,0.003875732421875,0.9921875
0xab,0xd8,258,0.003936767578125,1.0078125
0xac,0x64,256,0.00390625,1.0
0xad,0xda,238,0.003631591796875,0.9296875
0xae,0xdb,236,0.00360107421875,0.921875
0xaf,0x65,270,0.004119873046875,1.0546875
0xb0,0xd1,228,0.00347900390625,0.890625
0xb1,0x6f,260,0.00396728515625,1.015625
0xb2,0x6e,244,0.00372314453125,0.953125
0xb3,0xd0,242,0.003692626953125,0.9453125
0xb4,0x6c,274,0.004180908203125,1.0703125
0xb5,0xd2,264,0.0040283203125,1.03125
0xb6,0xd3,226,0.003448486328125,0.8828125
0xb7,0x6d,262,0.003997802734375,1.0234375
0xb8,0x68,224,0.00341796875,0.875
0xb9,0xd6,242,0.003692626953125,0.9453125
0xba,0xd7,282,0.004302978515625,1.1015625
0xbb,0x69,242,0.003692626953125,0.9453125
0xbc,0xd5,284,0.00433349609375,1.109375
0xbd,0x6b,244,0.00372314453125,0.953125
0xbe,0x6a,284,0.00433349609375,1.109375
0xbf,0xd4,262,0.003997802734375,1.0234375
0xc0,0x40,256,0.00390625,1.0
0xc1,0xfe,226,0.003448486328125,0.8828125
0xc2,0xff,232,0.0035400390625,0.90625
0xc3,0x41,262,0.003997802734375,1.0234375
0xc4,0xfd,244,0.00372314453125,0.953125
0xc5,0x43,230,0.003509521484375,0.8984375
0xc6,0x42,252,0.00384521484375,0.984375
0xc7,0xfc,252,0.00384521484375,0.984375
0xc8,0xf9,262,0.003997802734375,1.0234375
0xc9,0x47,256,0.00390625,1.0
0xca,0x46,236,0.00360107421875,0.921875
0xcb,0xf8,248,0.0037841796875,0.96875
0xcc,0x44,256,0.00390625,1.0
0xcd,0xfa,226,0.003448486328125,0.8828125
0xce,0xfb,218,0.003326416015625,0.8515625
0xcf,0x45,250,0.003814697265625,0.9765625
0xd0,0xf1,256,0.00390625,1.0
0xd1,0x4f,216,0.0032958984375,0.84375
0xd2,0x4e,254,0.003875732421875,0.9921875
0xd3,0xf0,270,0.004119873046875,1.0546875
0xd4,0x4c,262,0.003997802734375,1.0234375
0xd5,0xf2,262,0.003997802734375,1.0234375
0xd6,0xf3,276,0.00421142578125,1.078125
0xd7,0x4d,278,0.004241943359375,1.0859375
0xd8,0x48,238,0.003631591796875,0.9296875
0xd9,0xf6,244,0.00372314453125,0.953125
0xda,0xf7,240,0.003662109375,0.9375
0xdb,0x49,256,0.00390625,1.0
0xdc,0xf5,292,0.00445556640625,1.140625
0xdd,0x4b,234,0.003570556640625,0.9140625
0xde,0x4a,768,0.01171875,3.0
0xdf,0xf4,260,0.00396728515625,1.015625
0xe0,0xe1,248,0.0037841796875,0.96875
0xe1,0x5f,236,0.00360107421875,0.921875
0xe2,0x5e,270,0.004119873046875,1.0546875
0xe3,0xe0,212,0.00323486328125,0.828125
0xe4,0x5c,270,0.004119873046875,1.0546875
0xe5,0xe2,274,0.004180908203125,1.0703125
0xe6,0xe3,234,0.003570556640625,0.9140625
0xe7,0x5d,272,0.004150390625,1.0625
0xe8,0x58,250,0.003814697265625,0.9765625
0xe9,0xe6,246,0.003753662109375,0.9609375
0xea,0xe7,244,0.00372314453125,0.953125
0xeb,0x59,258,0.003936767578125,1.0078125
0xec,0xe5,210,0.003204345703125,0.8203125
0xed,0x5b,256,0.00390625,1.0
0xee,0x5a,234,0.003570556640625,0.9140625
0xef,0xe4,276,0.00421142578125,1.078125
0xf0,0x50,222,0.003387451171875,0.8671875
0xf1,0xee,256,0.00390625,1.0
0xf2,0xef,224,0.00341796875,0.875
0xf3,0x51,260,0.00396728515625,1.015625
0xf4,0xed,298,0.004547119140625,1.1640625
0xf5,0x53,274,0.004180908203125,1.0703125
0xf6,0x52,262,0.003997802734375,1.0234375
0xf7,0xec,208,0.003173828125,0.8125
0xf8,0xe9,242,0.003692626953125,0.9453125
0xf9,0x57,236,0.00360107421875,0.921875
0xfa,0x56,276,0.00421142578125,1.078125
0xfb,0xe8,242,0.003692626953125,0.9453125
0xfc,0x54,252,0.00384521484375,0.984375
0xfd,0xea,234,0.003570556640625,0.9140625
0xfe,0xeb,250,0.003814697265625,0.9765625
0xff,0x55,258,0.003936767578125,1.0078125
